<?xml version="1.0" encoding="UTF-8"?>
<project-private xmlns="http://www.netbeans.org/ns/project-private/1">
    <editor-bookmarks xmlns="http://www.netbeans.org/ns/editor-bookmarks/2" lastBookmarkId="0"/>
    <open-files xmlns="http://www.netbeans.org/ns/projectui-open-files/2">
        <group>
            <file>file:/D:/OOSD2/Groupproject/src/groupproject/accommodationsystem/Area.java</file>
            <file>file:/D:/OOSD2/Groupproject/src/groupproject/accommodationsystem/CleaningStatus.java</file>
            <file>file:/D:/OOSD2/Groupproject/src/groupproject/accommodationsystem/AccommodationSystem.fxml</file>
            <file>file:/D:/OOSD2/Groupproject/src/groupproject/accommodationsystem/AccommodationRow.java</file>
            <file>file:/D:/OOSD2/Groupproject/src/groupproject/accommodationsystem/CedarWoodsAccommodationSystem.java</file>
            <file>file:/D:/OOSD2/Groupproject/src/groupproject/accommodationsystem/CedarWoodsAccommodationGUI.java</file>
            <file>file:/D:/OOSD2/Groupproject/src/groupproject/accommodationsystem/AccommodationSystemController.java</file>
            <file>file:/D:/OOSD2/Groupproject/src/groupproject/accommodationsystem/RentalAgreement.java</file>
            <file>file:/D:/OOSD2/Groupproject/src/groupproject/accommodationsystem/Customer.java</file>
            <file>file:/D:/OOSD2/Groupproject/src/groupproject/accommodationsystem/Accommodation.java</file>
        </group>
    </open-files>
</project-private>
